<?xml version="1.0" encoding="UTF-8"?>
<TEI xmlns:rng="http://relaxng.org/ns/structure/1.0" xmlns="http://www.tei-c.org/ns/1.0"
  xml:lang="en" n="testms">
  <teiHeader>
    <fileDesc>
      <titleStmt>
        <title>TEI for Manuscript Description</title>
        <author>Doug Emery</author>
      </titleStmt>
      <publicationStmt>
        <publisher>TEI Consortium</publisher>
        <availability status="free">
          <licence target="http://creativecommons.org/licenses/by-sa/3.0/"> Distributed under a
            Creative Commons Attribution-ShareAlike 3.0 Unported License </licence>
          <licence target="http://www.opensource.org/licenses/BSD-2-Clause"><p>Copyright 2013 TEI
              Consortium.</p><p>All rights reserved.</p><p>Redistribution and use in source and
              binary forms, with or without modification, are permitted provided that the following
              conditions are met:</p><list>
              <item>Redistributions of source code must retain the above copyright notice, this list
                of conditions and the following disclaimer.</item>
              <item>Redistributions in binary form must reproduce the above copyright notice, this
                list of conditions and the following disclaimer in the documentation and/or other
                materials provided with the distribution.</item>
            </list><p>This software is provided by the copyright holders and contributors "as is"
              and any express or implied warranties, including, but not limited to, the implied
              warranties of merchantability and fitness for a particular purpose are disclaimed. In
              no event shall the copyright holder or contributors be liable for any direct,
              indirect, incidental, special, exemplary, or consequential damages (including, but not
              limited to, procurement of substitute goods or services; loss of use, data, or
              profits; or business interruption) however caused and on any theory of liability,
              whether in contract, strict liability, or tort (including negligence or otherwise)
              arising in any way out of the use of this software, even if advised of the possibility
              of such damage.</p></licence>
          <p>TEI material can be licensed differently depending on the use you intend to make of it.
            Hence it is made available under both the CC+BY and BSD-2 licences. The CC+BY licence is
            generally appropriate for usages which treat TEI content as data or documentation. The
            BSD-2 licence is generally appropriate for usage of TEI content in a software
            environment. For further information or clarification, please contact the <ref
              target="mailto:info@tei-c.org">TEI Consortium</ref>. </p>
        </availability>
      </publicationStmt>
      <notesStmt>
        <note type="ns">http://www.example.org/ns/nonTEI</note>
      </notesStmt>
      <sourceDesc>
        <p>Written from scratch.</p>
      </sourceDesc>
    </fileDesc>
  </teiHeader>
  <text>
    <body>
      <p>TEI for manuscript description</p>
      <schemaSpec ident="openn_tei" start="TEI teiCorpus" prefix="">
        <!-- required modules -->
        <moduleRef key="header"/>
        <moduleRef key="linking"/>
        <moduleRef key="core"/>
        <moduleRef key="tei"/>
        <moduleRef key="textstructure"/>
        <!-- optional modules -->
        <moduleRef key="namesdates"/>
        <moduleRef key="transcr"/>
        <moduleRef key="figures"/>
        <moduleRef key="msdescription"/>
        <elementSpec ident="supportDesc" module="msdescription" mode="change">
          <attList>
            <attDef ident="material" mode="change">
              <valList type="closed" mode="replace">
                <valItem ident="paper"/>
                <valItem ident="parchment"/>
                <valItem ident="palm-leaf"/>
                <valItem ident="papyrus"/>
                <valItem ident="leather"/>
                <valItem ident="unknown"/>
                <valItem ident="wooden_board"/>
                <valItem ident="mixed"/>
              </valList>
            </attDef>
          </attList>
        </elementSpec>
      </schemaSpec>
    </body>
  </text>
</TEI>
